Day,Language Classwork,Lanugage Wordly Wise,Language Spelling,Language Seatwork,Chemistry Textbook,Chemistry Worksheets,Chemistry Videos,PsySo - VIDEO,PsyS0 Summaries,Computer BFN,Computer videos,Geometry Textbook,Geometry WORKBOOK,"Geometry 1,001 Problems",Geometry BFN,Geometry VIDEOS,Emma Math
1,How to Use Google Docs - https://youtu.be/z9i_h-WMQ68,"Wordly Wise: Study your word list, and do your next WW exercise.",Write spelling AND spell words aloud from memory,Create a document and short writing assignment.,2-6,,https://youtu.be/Rd4a1X3B61w  https://youtu.be/FSyAehMdpyI,https://youtu.be/vo4pMVb0R6M,,12-15,CCCS Preview - https://youtu.be/tpIctyqH29Q,,,,2 - 16,https://youtu.be/DftcftLs4VU,Today's Worksheets
2,Making Tables in Google Docs - https://youtu.be/9kHaGLr2RHA,"Wordly Wise: Study your word list, and do your next WW exercise.",Write spelling AND spell words aloud from memory,Create a document with a table.,7-15,Worksheet 01,https://youtu.be/N6IAzlugWw0  https://youtu.be/d_Zz44MpJ-M,https://youtu.be/hFV71QPvX2I,,,CCCS #1 - Early Computing - https://youtu.be/O5nskjZ_GoI,,,,17 - 26,https://youtu.be/302eJ3TzJQU,Today's Worksheets
3,How to Use Google Sheets - https://youtu.be/FIkZ1sPmKNw,"Wordly Wise: Study your word list, and do your next WW exercise.",Write spelling AND spell words aloud from memory,*Google Spreadsheet Lesson 01* ,16-21,,https://youtu.be/XFeH_qljSUo,,"PsyText: Chapter 1 and 2 Summary (pp 42-47, 77-84)",,CCCS #2 - Electronic Computing - https://youtu.be/LN0ucKNX0hc,7-12 top,,,,,Today's Worksheets
4,,"Wordly Wise: Study your word list, and do your next WW exercise.",Write spelling AND spell words aloud from memory,*Google Spreadsheet Lesson 02*,22-26,Worksheet 02,https://youtu.be/vhIhfCT66JU,https://youtu.be/W4N-7AlzK7s,,,Watch The Imitation Game - Day 1,12 top - 16,,,,,Today's Worksheets
5, Borders (vocab) -https://www.khanacademy.org/ela/cc-9th-reading-vocab/x73a76fccbaf2a246:cc-9th-borders,"Wordly Wise: Study your word list, and do your next WW exercise.",Write spelling AND spell words aloud from memory,,27-31,CFD pp 9-10,https://youtu.be/FR28zf2Aiwo,https://youtu.be/vHrmiy4W9C0,,,Watch The Imitation Game - Day 2,17-22 mid,,,,,Today's Worksheets
6,Citing Evidence in Literary Analysis - https://www.khanacademy.org/ela/cc-9th-reading-vocab/x73a76fccbaf2a246:cc-9th-borders,"Wordly Wise: Study your word list, and do your next WW exercise.",Write spelling AND spell words aloud from memory,,32-39,CFD pp 11-12,https://youtu.be/87uUs2_2Pwc,https://youtu.be/unWnZvXJH2o,,,Watch The Imitation Game - Day 3,22 mid - 30,,,,,Today's Worksheets
7,Developing Themes - https://www.khanacademy.org/ela/cc-9th-reading-vocab/x73a76fccbaf2a246:cc-9th-borders,"Wordly Wise: Study your word list, and do your next WW exercise.",Write spelling AND spell words aloud from memory,Writing 01 - Choose topic and brainstorm,,,Review for Test on Chapters 1-3,,PsyText: Chapter 3 Summary (pp 117-124),,Watch The Imitation Game - Day 4,31-36,,,,,Today's Worksheets
8,Analyzing through word choice - https://www.khanacademy.org/ela/cc-9th-reading-vocab/x73a76fccbaf2a246:cc-9th-borders,"Wordly Wise: Study your word list, and do your next WW exercise.",Write spelling AND spell words aloud from memory,Writing 01 - 3 main points and 2 subpoints for each,,,Test: Ch 1-3,REVIEW FOR NEXT TEST,,16-19,CCCS #5 - The ALU - https://youtu.be/1I5ZMmrOfnA,37 - 42,,,,,Today's Worksheets
9,The elements of a poem - https://www.khanacademy.org/ela/cc-9th-reading-vocab/x73a76fccbaf2a246:cc-9th-borders,"Wordly Wise: Study your word list, and do your next WW exercise.",Write spelling AND spell words aloud from memory,,40-45,CFD 21-23,https://youtu.be/hQpQ0hxVNTg,REVIEW FOR TEST TOMORROW,,20-22,CCCS #6 - Registers and RAM - https://youtu.be/fpnE6UAfbtU,45-53,,,,,Today's Worksheets
10,Mending Wall - https://www.khanacademy.org/ela/cc-9th-reading-vocab/x73a76fccbaf2a246:cc-9th-borders,"Wordly Wise: Study your word list, and do your next WW exercise.",Write spelling AND spell words aloud from memory,,46-55,OEC 1.5,https://youtu.be/pFl49nIGQF8,TEST 1,,23-27 top,CCCS #7 - The CPU - https://youtu.be/FZGugFqdr60,55-59 mid,9-12 mid ,,,https://youtu.be/mlG56WCfobI,Today's Worksheets
11,Part to Whole Relationships in Text Structure - https://www.khanacademy.org/ela/cc-9th-reading-vocab/x73a76fccbaf2a246:cc-9th-borders,"Wordly Wise: Study your word list, and do your next WW exercise.",Write spelling AND spell words aloud from memory,,56-63,Worksheet 03,https://youtu.be/VRWRmIEHr3A,https://youtu.be/fxZWtc0mYpQ,,27 top-30,CCCS #17 - Integrated Circuits / Moore's Law - https://youtu.be/6-tKOHICqrI,,,,69-85,https://youtu.be/jJDOyS4SrWA,Today's Worksheets
12,Incorporating opposing viewpoints - https://www.khanacademy.org/ela/cc-9th-reading-vocab/x73a76fccbaf2a246:cc-9th-borders,"Wordly Wise: Study your word list, and do your next WW exercise.",Write spelling AND spell words aloud from memory,,64-71,"Worksheet 40, page 1",https://youtu.be/chODOKSPJS4,https://youtu.be/n46umYA_4dM,,31-33,CCCS #8 - Instructions and Programs - https://youtu.be/zltgXvg6r3k,59 mid - 63 bot,12 mid - 16,,,https://youtu.be/FEO4FYdXpIA,Today's Worksheets
13,Border Walls - https://www.khanacademy.org/ela/cc-9th-reading-vocab/x73a76fccbaf2a246:cc-9th-borders,"Wordly Wise: Study your word list, and do your next WW exercise.",Write spelling AND spell words aloud from memory,,,,Review for test on chapters 4-5,,PsyText: Chapter 5 Summary (pp 193-200),34-37,CCCS # 16 - Software Engineering - https://youtu.be/O753uuutqH8,63 bot - 73,,6,,,Today's Worksheets
14,Connotation Reading - https://www.khanacademy.org/ela/cc-9th-reading-vocab/x73a76fccbaf2a246:cc-9th-borders,"Wordly Wise: Study your word list, and do your next WW exercise.",Write spelling AND spell words aloud from memory,,,,Test: Ch 4-5,https://youtu.be/jReX7qKU2yc,,,,75-81 mid,,,,,Today's Worksheets
15,Mending Wall - https://www.khanacademy.org/ela/cc-9th-reading-vocab/x73a76fccbaf2a246:cc-9th-borders,"Wordly Wise: Study your word list, and do your next WW exercise.",Write spelling AND spell words aloud from memory,,,,https://youtu.be/QiiyvzZBKT8,https://youtu.be/rMHus-0wFSo,,,,81 mid - 85,,,,https://youtu.be/fSu1LKnhM5Q,Today's Worksheets
16,How can a text have two or more main ideas? - https://www.khanacademy.org/ela/cc-9th-reading-vocab/x73a76fccbaf2a246:cc-9th-borders,"Wordly Wise: Study your word list, and do your next WW exercise.",Write spelling AND spell words aloud from memory,,74-78,OEC 1.1,https://youtu.be/FNYDRzG7fuE,https://youtu.be/9PW1fwKjo-Y,,,,,,,27-40,https://youtu.be/DGKwdHMiqCg,Today's Worksheets
17,Analyzing an author's purpose - https://www.khanacademy.org/ela/cc-9th-reading-vocab/x73a76fccbaf2a246:cc-9th-borders,"Wordly Wise: Study your word list, and do your next WW exercise.",Write spelling AND spell words aloud from memory,,79-85,Worksheet 04 / Worksheet 22,https://youtu.be/3e8e0d1fWLk,,PsyText: Chapter 4 Summary (pp 157-163),39-47 (all),,,,,41-52,https://youtu.be/fxYJE_kHGZ4,Today's Worksheets
18,The Berlin Wall - https://www.khanacademy.org/ela/cc-9th-reading-vocab/x73a76fccbaf2a246:cc-9th-borders,"Wordly Wise: Study your word list, and do your next WW exercise.",Write spelling AND spell words aloud from memory,,86-91,OEC 1.2 / Worksheet 23,https://youtu.be/9TVOlTolKFA,REVIEW FOR NEXT TEST,,,CCCS #9 - Advanced CPU Designs - https://youtu.be/rtAlC5J1U40,,,,53-68,https://youtu.be/NZrCgWaOEBY,Today's Worksheets
19,Analyzing through word choice - https://www.khanacademy.org/ela/cc-9th-reading-vocab/x73a76fccbaf2a246:cc-9th-borders,"Wordly Wise: Study your word list, and do your next WW exercise.",Write spelling AND spell words aloud from memory,,92-99,Worksheet 05 / Workseet 24,https://youtu.be/pKvo0XWZtjo,REVIEW FOR TEST TOMORROW,,,CCCS #18 - Operating Systems - https://youtu.be/26QPDBe-NB8,,19-21,,,https://youtu.be/oeO8f0taQDA,Today's Worksheets
20,How the delivery of speech affects the impact of words - https://www.khanacademy.org/ela/cc-9th-reading-vocab/x73a76fccbaf2a246:cc-9th-borders,"Wordly Wise: Study your word list, and do your next WW exercise.",Write spelling AND spell words aloud from memory,,100-103,Worksheet 06 (part 1) and/or OEC 1.3,https://youtu.be/IK6EgLdnWIU,TEST 2,,,CCCS #22 - Keyboard and Command Line - https://youtu.be/4RPtJ9UyHS0,,22-25,,,https://youtu.be/2I7ghedeoec,Today's Worksheets
21,What is an argument - https://www.khanacademy.org/ela/cc-9th-reading-vocab/x73a76fccbaf2a246:cc-9th-borders,"Wordly Wise: Study your word list, and do your next WW exercise.",Write spelling AND spell words aloud from memory,,104-111,Worksheet 06 (part 2) and/or OEC 1.4,https://youtu.be/dggHWvFJ8Xs,https://youtu.be/qG2SwE_6uVM,,,CCCS #23 - Screens and 2D Graphics - https://youtu.be/7Jr0SFMQ4Rs,,26-29,,,https://youtu.be/qZ1f99NW3tA,Today's Worksheets
22,Berlin Wall speech - https://www.khanacademy.org/ela/cc-9th-reading-vocab/x73a76fccbaf2a246:cc-9th-borders,"Wordly Wise: Study your word list, and do your next WW exercise.",Write spelling AND spell words aloud from memory,,,OEC 7.1 / Worksheet 19,Review for Test on Unit 2,https://youtu.be/128Ts5r9NRE,,,CCCS #24 - The Cold War and Consumerism - https://youtu.be/m8i38Yq1wX4,,,,88-98,https://youtu.be/H-E5rlpCVu44,Today's Worksheets
23,Reagan at the Brandenburg Gate - https://www.khanacademy.org/ela/cc-9th-reading-vocab/x73a76fccbaf2a246:cc-9th-borders,"Wordly Wise: Study your word list, and do your next WW exercise.",Write spelling AND spell words aloud from memory,,,Worksheet 20,Review for Test on Unit 2,,PsyText: Chapter 6 Summary (pp 229-233),,CCCS #25 - The Personal Computer Revolution - https://youtu.be/M5BZou6C01w,,,,99-108,https://youtu.be/xudtBUqmswg,Today's Worksheets
24,Intro to nouns - https://www.khanacademy.org/humanities/grammar,"Wordly Wise: Study your word list, and do your next WW exercise.",Write spelling AND spell words aloud from memory,,,,Test: Unit 2,https://youtu.be/bSycdIx-C48,,,CCCS #26 - Graphic User Interfaces - https://youtu.be/XIGSJshYb90,,,,109-119,https://youtu.be/dUTcNlLub7Q    and    https://youtu.be/0eYzPVgylO8,Today's Worksheets
25,Types of nouns - https://www.khanacademy.org/humanities/grammar,"Wordly Wise: Study your word list, and do your next WW exercise.",Write spelling AND spell words aloud from memory,Wkbk Pg 01, ,,https://youtu.be/thnDxFdkzZs and https://youtu.be/xazQRcSCRaY,https://youtu.be/HVWbrNls-Kw,,,CCCS #27 - 3D Graphics - https://youtu.be/TEAtmCYYKZA,,30-33 mid,,,https://youtu.be/RslDIFh_kG8,Today's Worksheets
26,Irregular plural nouns - https://www.khanacademy.org/humanities/grammar,"Wordly Wise: Study your word list, and do your next WW exercise.",Write spelling AND spell words aloud from memory,,114-118 mid,,https://youtu.be/4jbpW_CgB4U,https://youtu.be/R-sVnmmw6WY,,,How We Interact with Computers Test Review,,33 mid - 36,,,https://youtu.be/L0kcyrDszlQ,Today's Worksheets
27,Irregular plural nouns - mutant and foreign plurals - https://www.khanacademy.org/humanities/grammar,"Wordly Wise: Study your word list, and do your next WW exercise.",Write spelling AND spell words aloud from memory,,118 mid-122,Worksheet 07,https://youtu.be/xPQqRIv4pBs,,"PsyText: Chapter 7 and 8 Summary (pp 266-271, 300-304)",,How We Interact with Computers Test Review,,37-38,,,https://youtu.be/cptjsGKAtFE,Today's Worksheets
28,Intro to verbs - https://www.khanacademy.org/humanities/grammar,"Wordly Wise: Study your word list, and do your next WW exercise.",Write spelling AND spell words aloud from memory,Wkbk Pg 03,123-129 mid,,https://youtu.be/KWQitt-kDFE,REVIEW FOR NEXT TEST,,,TEST 2,,39-41,,,https://youtu.be/H3hvDbxntfo,Today's Worksheets
29,Verb tenses - https://www.khanacademy.org/humanities/grammar,"Wordly Wise: Study your word list, and do your next WW exercise.",Write spelling AND spell words aloud from memory,Wkbk Pg 25,129 mid-134,Handout 08,https://youtu.be/syyDAYNYPVI,REVIEW FOR TEST TOMORROW,,40-46,,89-96 mid,,,,https://youtu.be/mLeNaZcy-hE,Today's Worksheets
30,Linking and helping verbs - https://www.khanacademy.org/humanities/grammar,"Wordly Wise: Study your word list, and do your next WW exercise.",Write spelling AND spell words aloud from memory,Wkbk Pg 26,,OEC 2.1,"https://youtu.be/Y0048AI5uEQ, https://youtu.be/h1tflE-L2Dc, https://youtu.be/P3ABix1LJAI",TEST 3,,47-51,CCCS #19 - Memory and Storage - https://youtu.be/TQCr9RV7twk,96 mid - 106,,,,https://youtu.be/KUhdMbx5ges,Today's Worksheets
31,Irregular verbs - https://www.khanacademy.org/humanities/grammar,"Wordly Wise: Study your word list, and do your next WW exercise.",Write spelling AND spell words aloud from memory,Wkbk Pg 04,,,Review for Test on Unit 3,https://youtu.be/s9shPouRWCs,,52-55,CCCS #20 - Files and File Systems - https://youtu.be/KN8YgJnShPM,,51-54,,120-128,https://youtu.be/q7vI2oXL0gQ,Today's Worksheets
32,"Verb aspect - simple, progressive, and perfect - https://www.khanacademy.org/humanities/grammar","Wordly Wise: Study your word list, and do your next WW exercise.",Write spelling AND spell words aloud from memory,,,,Review for Test on Unit 3,https://youtu.be/9hdSLiHaJz8,,57-60,CCCS #14 - Data Structures - https://youtu.be/DuDz6B4cqVc,107-113 mid,,,,https://youtu.be/Qwet4cIpnCM,Today's Worksheets
33,Verb aspect and modal verbs - https://www.khanacademy.org/humanities/grammar,"Wordly Wise: Study your word list, and do your next WW exercise.",Write spelling AND spell words aloud from memory,Wkbk Pg 27,,,Test: Unit 3,,PsyText: Chapter 10 Summary (pp 383-388),61-66,,,,31-34 top,,https://youtu.be/A-X6owHsxfs,Today's Worksheets
34,Intro to pronouns - https://www.khanacademy.org/humanities/grammar,"Wordly Wise: Study your word list, and do your next WW exercise.",Write spelling AND spell words aloud from memory,Wkbk Pg 02,,"Worksheet 11, page 1",https://youtu.be/0RRVV4Diomg,https://youtu.be/8nz2dtv--ok,,,CCCS #21 - Compression - https://youtu.be/OtDxDvCpPL4,,,34 top - 36,,https://youtu.be/meCS5N_ByqA,Today's Worksheets
35,Possessive and reflexive pronouns - https://www.khanacademy.org/humanities/grammar,"Wordly Wise: Study your word list, and do your next WW exercise.",Write spelling AND spell words aloud from memory,Wkbk Pg 30 and 32,,"Worksheet 11, page 2-3",https://youtu.be/IFKnq9QM6_A,https://youtu.be/YcQg1EshfIE,,,Unit 2 Test Review and CCCS #15 - Alan Turing - https://youtu.be/7TycxwFmdB0,,,37 - 40,,https://youtu.be/jXczCSpWqdg,Today's Worksheets
36,Relative pronouns - https://www.khanacademy.org/humanities/grammar,"Wordly Wise: Study your word list, and do your next WW exercise.",Write spelling AND spell words aloud from memory,Wkbk Pg 31,136-141,"Worksheet 11, page 4",https://youtu.be/jQGUkJc7_04,https://youtu.be/PzyXGUCngoU,,,Unit 2 Test Review,113 mid - 123,,,,,Today's Worksheets
37,"Subject, object, person, and number - https://www.khanacademy.org/humanities/grammar","Wordly Wise: Study your word list, and do your next WW exercise.",Write spelling AND spell words aloud from memory,Wkbk 34,142-143,"Worksheet 12, page 5",https://youtu.be/zTUnjPALX_U,,Review notes from videos and book.,,TEST 3,,55-57,,,https://youtu.be/svWYgZs33bA,Today's Worksheets
38,"Indefinite pronouns, pronoun vagueness - https://www.khanacademy.org/humanities/grammar","Wordly Wise: Study your word list, and do your next WW exercise.",Write spelling AND spell words aloud from memory,Wkbk Pg 33,144-150,OEC 2.2,https://youtu.be/ShC3VoxxW3g,REVIEW FOR NEXT TEST,,68-72 (all),,,,7,163-176,https://youtu.be/SyzkgBjXtIss,Today's Worksheets
39,Intro to adjectives and articles - https://www.khanacademy.org/humanities/grammar,"Wordly Wise: Study your word list, and do your next WW exercise.",Write spelling AND spell words aloud from memory,Wkbk Pg 05,,Worksheet 25,Review for Test on Chapter 11,REVIEW FOR TEST TOMORROW,,73-77,,,58-59 mid,,,https://youtu.be/GiGLhXFBtRg,Today's Worksheets
40,Intro to adverbs - https://www.khanacademy.org/humanities/grammar,"Wordly Wise: Study your word list, and do your next WW exercise.",Write spelling AND spell words aloud from memory,Wkbk Pg 06,,,Review for Test on Chapter 11,TEST 4,,78-80,,,59 mid - 63,,,https://youtu.be/EZ4rHobpDOA,Today's Worksheets
41,Adjective order and commas with adjectives - https://www.khanacademy.org/humanities/grammar,"Wordly Wise: Study your word list, and do your next WW exercise.",Write spelling AND spell words aloud from memory,Wkbk Pg 44,,,Test: Chapter 11,https://youtu.be/mUELAiHbCxc,,81-84,,,,8-9,,,Today's Worksheets
42,"Comparative, Intensifiers, Superlatives, and Adverbs of degree - https://www.khanacademy.org/humanities/grammar","Wordly Wise: Study your word list, and do your next WW exercise.",Write spelling AND spell words aloud from memory,,151-155,,https://youtu.be/_x6e4_ItfLI,https://youtu.be/sUrV6oZ3zsk,,86-88,,,,41-44 mid,,https://youtu.be/RmECJRogR-4,Today's Worksheets
43,Intro to prepositions - https://www.khanacademy.org/humanities/grammar,"Wordly Wise: Study your word list, and do your next WW exercise.",Write spelling AND spell words aloud from memory,Wkbk Pg 07,156-160 mid,,https://youtu.be/wsvobkEFdEc,,PsyText: Chapter 11 Summary (pp 423-429),89-92,,,,44 mid - 45,,https://youtu.be/p52H7YcoDO8,Today's Worksheets
44,Types of prepositions and phrases - https://www.khanacademy.org/humanities/grammar,"Wordly Wise: Study your word list, and do your next WW exercise.",Write spelling AND spell words aloud from memory,Wkbk Pg 13,160 mid - 164 bot,Worksheet 14,https://youtu.be/4Url0pjbcuU,https://youtu.be/9xTz3QjcloI,,93-96,,,,46 - 48,,https://youtu.be/nWL3dBNXwGA,Today's Worksheets
45,Introduction to conjunctions - https://www.khanacademy.org/humanities/grammar,"Wordly Wise: Study your word list, and do your next WW exercise.",Write spelling AND spell words aloud from memory,Wkbk Pg 08,164 bot - 167 top,,https://youtu.be/5CBs36jtZxY,https://youtu.be/75g4d5sF3xI,,97-100,,,64-67 mid,,355 - 362,https://youtu.be/AA6RfgP-AHU,Today's Worksheets
46,Correlative conjunctions - https://www.khanacademy.org/humanities/grammar,"Wordly Wise: Study your word list, and do your next WW exercise.",Write spelling AND spell words aloud from memory,,167 top - 171,OEC 2.3,https://youtu.be/vo94WetKyFA,https://youtu.be/gAMbkJk6gnE,,101-103,,,,59-62 top,,https://youtu.be/d8EA5TxGzcY,Today's Worksheets
47,Intro to commas - https://www.khanacademy.org/humanities/grammar,"Wordly Wise: Study your word list, and do your next WW exercise.",Write spelling AND spell words aloud from memory,Wkbk Pg 46-47,,Worksheet 10,https://youtu.be/0h8q1GIQ-H4,https://youtu.be/4KbSRXP0wik,,105-108,,,67 mid - 70 mid,,,https://youtu.be/4mQQW7gvEok,Today's Worksheets
48,Commas in space and time - https://www.khanacademy.org/humanities/grammar,"Wordly Wise: Study your word list, and do your next WW exercise.",Write spelling AND spell words aloud from memory,Wkbk Pg 43,172-174 mid,,https://youtu.be/rcKilE9CdaA,,PsyText: Chapter 14 Summary (pp 566-572),,Unit 3 Test Review,,70 mid - 73,,,https://youtu.be/xzMirNSv1d0,Today's Worksheets
49,More ways to use commas - https://www.khanacademy.org/humanities/grammar,"Wordly Wise: Study your word list, and do your next WW exercise.",Write spelling AND spell words aloud from memory,Wkbk Pg 45,174 mid - 178,,https://youtu.be/p1i_f5hj-gs and https://youtu.be/dgqHFpP1w2k,https://youtu.be/Qymp_VaFo9M,,,Unit 3 Test Review,125-133 top,,,279 - 284,,Today's Worksheets
50,Apostrophes and contractions - https://www.khanacademy.org/humanities/grammar,"Wordly Wise: Study your word list, and do your next WW exercise.",Write spelling AND spell words aloud from memory,Wkbk Pg 51,,Worksheet 15,https://youtu.be/cPDptc0wUYI,,Review notes from videos and book.,,TEST 4,,,,139 - 152,https://youtu.be/_MhLzwjiGOM,Today's Worksheets
51,Intro to the possessive - https://www.khanacademy.org/humanities/grammar,"Wordly Wise: Study your word list, and do your next WW exercise.",Write spelling AND spell words aloud from memory,,,,Review for Test on Chapter 12-13,REVIEW FOR NEXT TEST,,110-114,CCCS #13 - Algorithms - https://youtu.be/rL8X2mlNHPM,,83 - 88,,,https://youtu.be/CJrVOf_3dN0,Today's Worksheets
52,Its vs It's - https://www.khanacademy.org/humanities/grammar,"Wordly Wise: Study your word list, and do your next WW exercise.",Write spelling AND spell words aloud from memory,,,,Review for Test on Chapter 12-13,REVIEW FOR TEST TOMORROW,,115-120,CCCS #10 - Early Programming - https://youtu.be/nwDq4adJwzM,,,,153 - 162,https://youtu.be/vGuiy7NnJlM,Today's Worksheets
53,Intro to colons - https://www.khanacademy.org/humanities/grammar,"Wordly Wise: Study your word list, and do your next WW exercise.",Write spelling AND spell words aloud from memory,Wkbk Pg 41,,,Test: Chapter 12-13,TEST 5,,121-125,CCCS #11 - First Programming Languages - https://youtu.be/RU1u-js7db8,133 top - 136,89 - 92,,,https://youtu.be/PZZG-avhciU,Today's Worksheets
54,Intro to semicolons - https://www.khanacademy.org/humanities/grammar,"Wordly Wise: Study your word list, and do your next WW exercise.",Write spelling AND spell words aloud from memory,Wkbk Pg 42,180-182 bot,OEC 3.1,https://youtu.be/QXT4OVM4vXI,https://youtu.be/wuhJ-GkRRQc,,126-129,,,,10-11,,,Today's Worksheets
55,Formatting styles - https://www.khanacademy.org/humanities/grammar,"Wordly Wise: Study your word list, and do your next WW exercise.",Write spelling AND spell words aloud from memory,,182 bot - 192 bot,OEC 3.4,https://youtu.be/Qf07-8Jhhpc,https://youtu.be/aX7jnVXXG5o,,130-133,CCCS #4 - Representing in Binary - https://youtu.be/1GSjbWt0c9M,,,62 top - 64 mid,,https://youtu.be/nAplKA58dtA,Today's Worksheets
56,"Hyphens, dashes, and ellipses - https://www.khanacademy.org/humanities/grammar","Wordly Wise: Study your word list, and do your next WW exercise.",Write spelling AND spell words aloud from memory,Wkbk Pg 48 and 52,192 bot - 197 mid,OEC 3.2 / Worksheet 27,https://youtu.be/RK07Bwwxkjg,https://youtu.be/ZwMlHkWKDwM,,134-138,,,,64 mid - 66,,https://youtu.be/RnqQWs4P20U,Today's Worksheets
57,Intro to sentences - https://www.khanacademy.org/humanities/grammar,"Wordly Wise: Study your word list, and do your next WW exercise.",Write spelling AND spell words aloud from memory,,195 mid - 203,OEC 3.3,https://youtu.be/g2toQA6JLQQ,,PsyText: Chapter 15 Summary (pp 628-637),139-141 bot,CCCS #34 - Machine Learning and Artificial Intelligence - https://youtu.be/z-EtmaFJieY,137-139 mid,93 - 95,,,https://youtu.be/AzJs36FqkGU,Today's Worksheets
58,Types of sentences - https://www.khanacademy.org/humanities/grammar,"Wordly Wise: Study your word list, and do your next WW exercise.",Write spelling AND spell words aloud from memory,Wkbk Pg 22,,OEC 3.5,https://youtu.be/Tkb1OemB2KI,,PsyText: Chapter 15 Summary (pp 628-637),141 bot-144,CCCS #35 - Computer Vision - https://youtu.be/-4E2-0sxVUM,139 mid - 143 mid,96 - 99 mid,,,https://youtu.be/6saYBeHzArE,Today's Worksheets
59,Subjects and predicates - https://www.khanacademy.org/humanities/grammar,"Wordly Wise: Study your word list, and do your next WW exercise.",Write spelling AND spell words aloud from memory,Wkbk Pg 09,,OEC 3.6 / Worksheet 28,Review for Test on Chapter 14,https://youtu.be/343ORgL3kIc,,,Chapter Questions AND CCCS #36 - Natural Language Processing - https://youtu.be/fOvTtapxa9c,143 mid - 151,,,,https://youtu.be/cptjsGKAtFE ,Today's Worksheets
60,Phrases and clauses - https://www.khanacademy.org/humanities/grammar,"Wordly Wise: Study your word list, and do your next WW exercise.",Write spelling AND spell words aloud from memory,Wkbk Pg 18,,Worksheet 38,Review for Test on Chapter 14,https://youtu.be/uxktavpRdzU,,,Review Unit 4 so far AND  CCCS #37 - Robots - https://youtu.be/3XkL0qQ21Oo,,,49-51,,https://youtu.be/BI-rtfZVXy0,Today's Worksheets
61,Direct and Indirect Objects - https://youtu.be/OSE3OiRGlgE,"Wordly Wise: Study your word list, and do your next WW exercise.",Write spelling AND spell words aloud from memory,Wkbk Pg 10,,,Test: Chapter 14,https://youtu.be/eMVyZ6Ax-74,,,Unit 4 Test Review AND CCCS #38 - Psychology of Computing - https://youtu.be/DEHsvQ3Ylwg,,,52-54,,https://youtu.be/3DIqvNjChpY,Today's Worksheets
62,Object Complements - https://youtu.be/UluiELDOKjk,"Wordly Wise: Study your word list, and do your next WW exercise.",Write spelling AND spell words aloud from memory,Wkbk Pg 11,204-206,,https://youtu.be/nxebQZUVvTg,https://youtu.be/4E1JiDFxFGk,,,Unit 4 Test Review,,,55-58,,https://youtu.be/vWtYAUbcYkU,Today's Worksheets
63,Subject Complements - https://youtu.be/YosEsGCRbeo,"Wordly Wise: Study your word list, and do your next WW exercise.",Write spelling AND spell words aloud from memory,Wkbk Pg 12,207-211 top,,https://youtu.be/PVL24HAesnc,https://youtu.be/6nEL44QkL9w,,,TEST 5,,99 mid - 103,,,https://youtu.be/j2SOoA8fKR0,Today's Worksheets
64,Appositives - https://youtu.be/QFcaUTd8DgY,"Wordly Wise: Study your word list, and do your next WW exercise.",Write spelling AND spell words aloud from memory,Wkbk Pg 14,211 top - 217,,https://youtu.be/SiZXRScxbl0,https://youtu.be/w2efaHgJ93A,,148-152,,,,,129-138,https://youtu.be/IwWQBs_PQzw,Today's Worksheets
65,Participles and Gerunds - https://youtu.be/u3JcvH-AfsY,"Wordly Wise: Study your word list, and do your next WW exercise.",Write spelling AND spell words aloud from memory,Wkbk Pg 15,,,Review for Test on Chapter 15,,PsyText: Chapter 16 Summary (pp 669-674),153-157,,,,17-20,,,Today's Worksheets
66,Infinitives: Clauses and Phrases - https://youtu.be/QZ4PJ5YQOAk,"Wordly Wise: Study your word list, and do your next WW exercise.",Write spelling AND spell words aloud from memory,Wkbk Pg 16,,,Test: Chapter 15,,Review notes from videos and book.,158-162,Chapter Questions,,,21-23,,https://youtu.be/7Kyo7DEbniE,Today's Worksheets
67,Absolute Phrases - https://youtu.be/dZ-SCQzppI8,"Wordly Wise: Study your word list, and do your next WW exercise.",Write spelling AND spell words aloud from memory,Wkbk Pg 17,,OEC 2.5, https://youtu.be/eVv3TpaQ2-A   https://youtu.be/4oEQGpfUv6I,,Review notes from videos and book.,163-167,,,,24-26,,https://youtu.be/LSAH2eT7_Jg,Today's Worksheets
68,Adjective Clauses - https://youtu.be/BtejoJxuxRM,"Wordly Wise: Study your word list, and do your next WW exercise.",Write spelling AND spell words aloud from memory,Wkbk Pg 19,218-222 ,OEC 3.6,https://youtu.be/2tRX14Uih1k https://youtu.be/1iYKajMsYPY,REVIEW FOR NEXT TEST,,168-170,,,,27-30,,https://youtu.be/GawWGpnjy1cc,Today's Worksheets
69,Adverb Clauses - https://youtu.be/MomSqUkG-C0,"Wordly Wise: Study your word list, and do your next WW exercise.",Write spelling AND spell words aloud from memory,Wkbk Pg 20,223-230,Worksheet 26,https://youtu.be/BqQJPCdmIp8,REVIEW FOR TEST TOMORROW,,171-175,,,,67-69,177-184,https://youtu.be/AwQcVe4B1gI   and  https://youtu.be/KlKYvbigBqs,Today's Worksheets
70,Noun Clauses - https://youtu.be/q18hOBP49KM,"Wordly Wise: Study your word list, and do your next WW exercise.",Write spelling AND spell words aloud from memory,Wkbk Pg 21,,,Review for Test on Chapter 16,TEST 6,,176-178,,,,70-71,,https://youtu.be/wQMGOjbWuE8,Today's Worksheets
71,Subject - verb agreement and pronoun - antecedent agreement - https://www.khanacademy.org/humanities/grammar,"Wordly Wise: Study your word list, and do your next WW exercise.",Write spelling AND spell words aloud from memory,Wkbk Pg 28-29,,,Test: Chapter 16,https://youtu.be/w2efaHgJ93A,,179-183,,,,72-73,,https://youtu.be/rfMZwrq-wL8,Today's Worksheets
72,Fragments and Run-ons - https://www.khanacademy.org/humanities/grammar,"Wordly Wise: Study your word list, and do your next WW exercise.",Write spelling AND spell words aloud from memory,Wkbk Pg 23,232-238,,https://youtu.be/U7wavimfNFE,https://youtu.be/h6HLDV0T5Q8,,184-186,Chapter Questions ,,115 - 119,,,https://youtu.be/5PcMbN46NMA,Today's Worksheets
73,Dangling modifiers and parallel structure - https://www.khanacademy.org/humanities/grammar,"Wordly Wise: Study your word list, and do your next WW exercise.",Write spelling AND spell words aloud from memory,Wkbk Pg 24,239-243,,https://youtu.be/mlRhLicNo8Q,https://youtu.be/UGxGDdQnC1Y,,187-190 (all),,155-161 mid,,,,https://youtu.be/y9udtA3cPgU,Today's Worksheets
74,Frequently confused words - https://www.khanacademy.org/humanities/grammar,"Wordly Wise: Study your word list, and do your next WW exercise.",Write spelling AND spell words aloud from memory,Wkbk Pg 35,244-248,OEC 2.4,https://youtu.be/nijb6UMvZuE,,PsyText: Chapter 12 Summary (pp 471-479),191-194 mid,,161 mid - 170 mid,,,,,Today's Worksheets
75,Common expressions - https://www.khanacademy.org/humanities/grammar,"Wordly Wise: Study your word list, and do your next WW exercise.",Write spelling AND spell words aloud from memory,Wkbk Pg 36,,,Review for Test on Chapter 17,https://youtu.be/7P0iP2Zm6a4,,194 mid-196,,,120 - 123 mid,,,https://youtu.be/yiREqzDsMP8,Today's Worksheets
76,Style - https://www.khanacademy.org/humanities/grammar,"Wordly Wise: Study your word list, and do your next WW exercise.",Write spelling AND spell words aloud from memory,Wkbk Pg 37,,,Test: Chapter 17,https://youtu.be/XoTx7Rt4dig,,197-198,Chapter Questions,170 mid - 176,,,,https://youtu.be/ogcH3eM5beM,Today's Worksheets
77,,"Wordly Wise: Study your word list, and do your next WW exercise.",Write spelling AND spell words aloud from memory,Wkbk Pg 38,249-252,Worksheet 16,https://youtu.be/wI56mHUDJgQ,,Review notes from videos and book.,,Unit 5 Test Review,,123 mid - 127 mid,,186-196,https://youtu.be/WzPlNVOtprs,Today's Worksheets
78,,"Wordly Wise: Study your word list, and do your next WW exercise.",Write spelling AND spell words aloud from memory,Wkbk Pg 39,253-257 mid,,https://youtu.be/Qflq48Foh2w,REVIEW FOR NEXT TEST,,,Unit 5 Test Review,,,89-91 (531),,https://youtu.be/t42sLuns4Qs,Today's Worksheets
79,,"Wordly Wise: Study your word list, and do your next WW exercise.",Write spelling AND spell words aloud from memory,,257 mid-262,Worksheet 29,https://youtu.be/74-X94OP2XI,REVIEW FOR TEST TOMORROW,,,TEST 6,,,91 (532) - 92,197-208,,Today's Worksheets
80,,"Wordly Wise: Study your word list, and do your next WW exercise.",Write spelling AND spell words aloud from memory,,263-265,Worksheet 17,https://youtu.be/bGmbyztdCHE,TEST 7,,200-207,,,127 mid - 130 bot,,,https://youtu.be/cR-zF4iADUY,Today's Worksheets
81,,"Wordly Wise: Study your word list, and do your next WW exercise.",Write spelling AND spell words aloud from memory,,266-272,Worksheet 30,https://youtu.be/lywmGCfIUIA,https://youtu.be/ylXVn-wh9eQ and https://youtu.be/YnCJU6PaCio,,208-212,,,130 bot - 132 mid,,,https://youtu.be/1_l0mILxoN8,Today's Worksheets
82,,"Wordly Wise: Study your word list, and do your next WW exercise.",Write spelling AND spell words aloud from memory,,,,Review for Test on Chapter 18-19,https://youtu.be/DbTt_ySTjaY,,213-218,,,,93 - 94 (564),209-218,https://youtu.be/uXo_Vpctmrg,Today's Worksheets
83,,"Wordly Wise: Study your word list, and do your next WW exercise.",Write spelling AND spell words aloud from memory,,,,Test: Chapter 18-19,,SocioText: Chapter 1 Summary (pp 29-33),219-222,Chapter Questions,,,94 (564) - 95,,https://youtu.be/lAJCEzueXV0,Today's Worksheets
84,,"Wordly Wise: Study your word list, and do your next WW exercise.",Write spelling AND spell words aloud from memory,,274-277,,https://youtu.be/e_C-V5vJv80,https://youtu.be/ZIwyNIdgJBE,,223-227,,,,,219-228,https://youtu.be/qG3HnRccrQU,Today's Worksheets
85,,"Wordly Wise: Study your word list, and do your next WW exercise.",Write spelling AND spell words aloud from memory,,277-281,OEC 4.1,https://youtu.be/yA3TZJ2em6g (extra practice equations = https://youtu.be/eNsVaUCzvLA ),https://youtu.be/QwhK-iEyXYA,,228-232,,177-184 bot,,,286 - 294,https://youtu.be/ocGvDXAja-k,Today's Worksheets
86,,"Wordly Wise: Study your word list, and do your next WW exercise.",Write spelling AND spell words aloud from memory,,281-284,OEC 4.2,https://youtu.be/aMU1RaRulSo,REVIEW FOR NEXT TEST,SocioText: Chapter 2 Summary (pp 52-57),233-236,,184 bot - 191,,,,,Today's Worksheets
87,,"Wordly Wise: Study your word list, and do your next WW exercise.",Write spelling AND spell words aloud from memory,,285-289,OEC 4.3,https://youtu.be/MYmrWHzT1oI,REVIEW FOR TEST TOMORROW,,237-243,,,,96,,https://youtu.be/MLgZXwfuyCU,Today's Worksheets
88,,"Wordly Wise: Study your word list, and do your next WW exercise.",Write spelling AND spell words aloud from memory,,290-292 mid,OEC 4.4,https://youtu.be/UL1jmJaUkaQ,TEST 8,,245-246,Chapter Questions,,132 mid - 136 mid,,,https://youtu.be/dh8vRzTNVBg     and    https://youtu.be/pfqjnQCQiFQ,Today's Worksheets
89,,"Wordly Wise: Study your word list, and do your next WW exercise.",Write spelling AND spell words aloud from memory,,292 mid -296,Worksheet 42,https://youtu.be/Fuuh6g201vI,https://youtu.be/IZfGGF-YYzY,,247-253,,,136 mid - 138,,,https://youtu.be/WxqNG1E_pi8,Today's Worksheets
90,,"Wordly Wise: Study your word list, and do your next WW exercise.",Write spelling AND spell words aloud from memory,,297-303 bot,Worksheet 32,https://youtu.be/opb1Z75rcWI  https://youtu.be/bF6iRu7U8J8,https://youtu.be/gR3igiwaeyc,,254-259,CCCS #3 - Boolean Logic - https://youtu.be/gI-qXk7XojA,193 - 201 mid,,,,https://youtu.be/bwyYgCGNOQ4,Today's Worksheets
91,,"Wordly Wise: Study your word list, and do your next WW exercise.",Write spelling AND spell words aloud from memory,,303 bot - 309,,https://youtu.be/jtAj0s203CI,https://youtu.be/-wny0OAz3g8,,260-265,,201 mid - 209,,,,https://youtu.be/XWj74Q4eDhk,Today's Worksheets
92,,"Wordly Wise: Study your word list, and do your next WW exercise.",Write spelling AND spell words aloud from memory,,,Worksheet 13,Review for Test on Chapter 20-21,https://youtu.be/Wg9FWxpZeJ8,,266-272,,,151 - 154,,490 - 498,https://youtu.be/I7DKFrAfPeU,Today's Worksheets
93,,"Wordly Wise: Study your word list, and do your next WW exercise.",Write spelling AND spell words aloud from memory,,,,Review for Test on Chapter 20-21,https://youtu.be/69VF7mT4nRU,,273-277,,,155 - 157 mid,,499 - 510,https://youtu.be/ZdKRzt6pT60,Today's Worksheets
94,,"Wordly Wise: Study your word list, and do your next WW exercise.",Write spelling AND spell words aloud from memory,,,,Test: Chapter 20-21,REVIEW FOR NEXT TEST,,278-283,,,157 mid - 159,,,https://youtu.be/lLtLfMZe9n0,Today's Worksheets
95,,"Wordly Wise: Study your word list, and do your next WW exercise.",Write spelling AND spell words aloud from memory,,312-316 bot,OEC 11.4,https://youtu.be/GIPrsWuSkQc,REVIEW FOR TEST TOMORROW,,284-288,,211-217 mid,,,,,Today's Worksheets
96,,"Wordly Wise: Study your word list, and do your next WW exercise.",Write spelling AND spell words aloud from memory,,316 bot-320,,https://youtu.be/GjWs_MzoLbA,TEST 9,,289-298,,,,75-77 bot,,https://youtu.be/BG1HpadfiKw,Today's Worksheets
97,,"Wordly Wise: Study your word list, and do your next WW exercise.",Write spelling AND spell words aloud from memory,,321-323,,https://youtu.be/xG0qJhh2FSo,,SocioText: Chapter 3 Summary (pp 75-80),299-302,,,,77 bot - 79,,https://youtu.be/z50C1b2sO5M   and  https://youtu.be/1r8iK24Pt3Q,Today's Worksheets
98,,"Wordly Wise: Study your word list, and do your next WW exercise.",Write spelling AND spell words aloud from memory,,324-326,,https://youtu.be/UMXSNjjUVt4,https://youtu.be/kGrVhM_Gi8k,,303-308,,,165 - 167,,310 - 318,https://youtu.be/7aDPe2wvQAI,Today's Worksheets
99,,"Wordly Wise: Study your word list, and do your next WW exercise.",Write spelling AND spell words aloud from memory,,327-331 mid,Worksheet 36 pages as possible,https://youtu.be/BxUS1K7xu30,https://youtu.be/RV50AV7-Iwc,,,Unit 6 Test Review,217 mid - 221,168 - 172 mid,,319 - 328,https://youtu.be/N-EILBiYMqY,Today's Worksheets
100,,"Wordly Wise: Study your word list, and do your next WW exercise.",Write spelling AND spell words aloud from memory,,331 mid-335,Worksheet 36 pages as possible,https://youtu.be/wzqn5PZ5rio   https://youtu.be/bftkRnTcFj8,https://youtu.be/BsRSL3duSko,,,Unit 6 Test Review,222 - 224 bot,172 mid - 175 mid,,,https://youtu.be/ST2P6Sn3cuo    and     https://youtu.be/AG2p8x2-VZM,Today's Worksheets
101,,"Wordly Wise: Study your word list, and do your next WW exercise.",Write spelling AND spell words aloud from memory,,336-340,Worksheet 36 pages as possible,https://youtu.be/BxUS1K7xu30,,SocioText: Chapter 4 Summary (pp 95-98),,TEST 7,224 bot - 227 mid,175 mid - 177,,,https://youtu.be/rEfVQvEgJwo,Today's Worksheets
102,,"Wordly Wise: Study your word list, and do your next WW exercise.",Write spelling AND spell words aloud from memory,,341-342 mid,Worksheet 36 pages as possible,https://youtu.be/8SRAkXMu3d0,https://youtu.be/WbBm_YLwowc,,310-313,,,,,329 - 338,https://youtu.be/EQpguitDfGU,Today's Worksheets
103,,"Wordly Wise: Study your word list, and do your next WW exercise.",Write spelling AND spell words aloud from memory,,342 mid- 346,Worksheet 36 pages as possible,https://youtu.be/jbmOcH1fFKs,https://youtu.be/K-RvJQxqVQc,,314-317,,227 mid - 233,178 - 182,,,https://youtu.be/sllCRjiFbLs,Today's Worksheets
104,,"Wordly Wise: Study your word list, and do your next WW exercise.",Write spelling AND spell words aloud from memory,,,,Review for Test on Chapter 22-24,https://youtu.be/UUukBV82P9A,,318-321,Chapter Questions,,,,418 - 429,https://youtu.be/Fzaof9cX-PMM,Today's Worksheets
105,,"Wordly Wise: Study your word list, and do your next WW exercise.",Write spelling AND spell words aloud from memory,,,,Review for Test on Chapter 22-24,REVIEW FOR NEXT TEST,SocioText: Chapter 5 Summary (pp 115-119),323-327,,237 - 241,195 - 198,,442 - 446,https://youtu.be/Bczg2VIDfhE,Today's Worksheets
106,,"Wordly Wise: Study your word list, and do your next WW exercise.",Write spelling AND spell words aloud from memory,,,,Test: Chapter 22-24,REVIEW FOR TEST TOMORROW,,328-332,,242 - 247 mid,199 - 202 mid,,430 - 441,https://youtu.be/PUNHdOl-E_w,Today's Worksheets
107,,"Wordly Wise: Study your word list, and do your next WW exercise.",Write spelling AND spell words aloud from memory,,348-352,,https://youtu.be/6Qce_dOIzmM,TEST 10,,333-335,,247 mid - 253,,,447 - 545,https://youtu.be/IcgycGSq9Us,Today's Worksheets
108,,"Wordly Wise: Study your word list, and do your next WW exercise.",Write spelling AND spell words aloud from memory,,353-355 mid,,https://youtu.be/9h2f1Bjr0p4,https://youtu.be/_wFZ5Dbj8DA,,336-340,,,202 mid - 205,,463 - 470,https://youtu.be/IcgycGSq9Us,Today's Worksheets
109,,"Wordly Wise: Study your word list, and do your next WW exercise.",Write spelling AND spell words aloud from memory,,355 mid-360,Worksheet 21,https://youtu.be/meZqm7HznZg,https://youtu.be/YDuBh7VbGgU,,341-345 bot,,255 - 265 mid,,,,https://youtu.be/GppOSNTi5OA,Today's Worksheets
110,,"Wordly Wise: Study your word list, and do your next WW exercise.",Write spelling AND spell words aloud from memory,,361-363,Worksheet 31,https://youtu.be/TglqdJ2CkHA,,SocioText: Chapter 6 Summary (pp 136-141),345 bot-350,,265 mid - 270 top,211 - 213,,,https://youtu.be/hlcUtoLB13U,Today's Worksheets
111,,"Wordly Wise: Study your word list, and do your next WW exercise.",Write spelling AND spell words aloud from memory,,364-365,Worksheet 34,https://youtu.be/KOrq5i0rXUA,https://youtu.be/BGq9zW9w3Fw,,351-355,,,214 - 217 mid,,455 - 562,https://youtu.be/8g5grYXSE_E     and      https://youtu.be/D7VGaOOQDGY,Today's Worksheets
112,,"Wordly Wise: Study your word list, and do your next WW exercise.",Write spelling AND spell words aloud from memory,,366-371,Worksheet 35,https://youtu.be/AN4KifV12DA,https://youtu.be/06IS_X7hWWI,,356-359,,270 top - 275,217 mid - 220,,,https://youtu.be/KFV70dj5OMw,Today's Worksheets
113,,"Wordly Wise: Study your word list, and do your next WW exercise.",Write spelling AND spell words aloud from memory,,372-376 mid,,https://youtu.be/4iWC_2slBqU,https://youtu.be/zBodqwAlW3A,,360-364,Chapter Questions,,,121 - 123,,https://youtu.be/O-cawByg2aA,Today's Worksheets
114,,"Wordly Wise: Study your word list, and do your next WW exercise.",Write spelling AND spell words aloud from memory,,376 mid-379 mid,,https://youtu.be/lywmGCfIUIA,REVIEW FOR NEXT TEST,SocioText: Chapter 7 Summary (pp 155-159),365-371,,,,124 - 126,477 - 488,https://youtu.be/u_39J-syjB0,Today's Worksheets
115,,"Wordly Wise: Study your word list, and do your next WW exercise.",Write spelling AND spell words aloud from memory,,379 mid-382,Worksheet 33,https://youtu.be/Ab3wfKjaWWQ,REVIEW FOR TEST TOMORROW,,372-375,,,,127 - 129,,https://youtu.be/nd46bA9DKE0,Today's Worksheets
116,,"Wordly Wise: Study your word list, and do your next WW exercise.",Write spelling AND spell words aloud from memory,,,,Review for Test on Unit 9,TEST 11,,376-380,,,,130 - 131,471 - 476,https://youtu.be/PRN5Fow7NcI,Today's Worksheets
117,,"Wordly Wise: Study your word list, and do your next WW exercise.",Write spelling AND spell words aloud from memory,,,,Review for Test on Unit 9,https://youtu.be/SlkIKCMt-Fs,,381-388 (all),,,,132 - 133,,https://youtu.be/lw70CyiEpmM,Today's Worksheets
118,,"Wordly Wise: Study your word list, and do your next WW exercise.",Write spelling AND spell words aloud from memory,,,,Test: Unit 9,https://youtu.be/RtxtI5IGrfw,,389-391,Chapter Questions,,,134 - 135,,https://youtu.be/4h0Dx3wopRg,Today's Worksheets
119,,"Wordly Wise: Study your word list, and do your next WW exercise.",Write spelling AND spell words aloud from memory,,384-387 mid,,https://youtu.be/ANi709MYnWg,https://youtu.be/DeiHz5tzlws,,392-395 mid,,,,136 - 137,,https://youtu.be/FhBv7Iqt6pk,Today's Worksheets
120,,"Wordly Wise: Study your word list, and do your next WW exercise.",Write spelling AND spell words aloud from memory,,387 mid-390,,https://youtu.be/QZfgg4MrnRw,,SocioText: Chapter 9 Summary (pp 206-210),395 mid-397,,,,138 - 140,,https://youtu.be/_PT7WpRj8ro,Today's Worksheets
121,,"Wordly Wise: Study your word list, and do your next WW exercise.",Write spelling AND spell words aloud from memory,,391-392,,https://youtu.be/DupXDD87oHc,https://youtu.be/c8PEv5SV4sU,,398-401,Chapter Questions AND CCCS #12 - Statements and Functions - https://youtu.be/l26oaHV7D40,,,81 - 83,,https://youtu.be/midamsPqUY4   and   https://youtu.be/BxmZr2YcP4gg,Today's Worksheets
122,,"Wordly Wise: Study your word list, and do your next WW exercise.",Write spelling AND spell words aloud from memory,,393-396 mid,,https://youtu.be/LS67vS10O5Y,https://youtu.be/0a21mndoORE,,403-406,,,,84 - 85,,https://youtu.be/ehpNB2TBF4E,Today's Worksheets
123,,"Wordly Wise: Study your word list, and do your next WW exercise.",Write spelling AND spell words aloud from memory,,396 mid-401,,https://youtu.be/9NK2ZQnhoCI,REVIEW FOR NEXT TEST,,407-411 mid,,,,86 - 87,,https://youtu.be/bqIw3OrVVWQ,Today's Worksheets
124,,"Wordly Wise: Study your word list, and do your next WW exercise.",Write spelling AND spell words aloud from memory,,402-404,,https://youtu.be/1uKtNlPLPZw,REVIEW FOR TEST TOMORROW,,411 mid-414,,279 - 282,229 - 233 mid,,,https://youtu.be/vdpyWeiHXmU   and   https://youtu.be/Wmwe1fmR1SM,Today's Worksheets
125,,"Wordly Wise: Study your word list, and do your next WW exercise.",Write spelling AND spell words aloud from memory,,,,Review for Test on Chapters 28-29,TEST 12,,415-422,Chapter Questions,283 - 286,233 mid - 237,,,https://youtu.be/srRuGCSXDJo,Today's Worksheets
126,,"Wordly Wise: Study your word list, and do your next WW exercise.",Write spelling AND spell words aloud from memory,,,,Review for Test on Chapters 28-29,https://youtu.be/GjuV-XdYHhA,,423-426,,,,,532 - 556,,Today's Worksheets
127,,"Wordly Wise: Study your word list, and do your next WW exercise.",Write spelling AND spell words aloud from memory,,,,Test: Chapters 28-29,https://youtu.be/6rts_PWIVTU,,427-432 mid,,,,,557 - 578,,Today's Worksheets
128,,"Wordly Wise: Study your word list, and do your next WW exercise.",Write spelling AND spell words aloud from memory,,405-409 bot,,https://youtu.be/fUhPLe0NAvA   https://youtu.be/4441EyWBPt8,,SocioText: Chapter 10 Summary (pp 225-229),432 mid-435,,287 - 293 bot,243 - 245,,,https://youtu.be/eBAq_caikJ4,Today's Worksheets
129,,"Wordly Wise: Study your word list, and do your next WW exercise.",Write spelling AND spell words aloud from memory,,409 bot-411,,https://youtu.be/7C_HsfB_6PQ,https://youtu.be/b350ljkYWrU,,436-442,Chapter Questions,,,,759 - 588,,Today's Worksheets
130,,"Wordly Wise: Study your word list, and do your next WW exercise.",Write spelling AND spell words aloud from memory,,412-414,,,https://youtu.be/wslCc0Di978,,,Unit 7 Test Review,299 top - 301,249 - 250,,,https://youtu.be/EbiwNnyDUoM,Today's Worksheets
131,,"Wordly Wise: Study your word list, and do your next WW exercise.",Write spelling AND spell words aloud from memory,,415-418,,https://youtu.be/8Fdt5WnYn1k,https://youtu.be/TCs_hyI15R8,,,Unit 7 Test Review,293 bot - 299 top,246 - 248,,,https://youtu.be/eBx6uqBY_Ug,Today's Worksheets
132,,"Wordly Wise: Study your word list, and do your next WW exercise.",Write spelling AND spell words aloud from memory,,419-421,OEC 5.7,https://youtu.be/-1nJv0k8zQU   https://youtu.be/sFpFCPTDv2w,REVIEW FOR NEXT TEST,,,TEST 8,,,144 - 145,,https://youtu.be/CI-G9_bTKuw,Today's Worksheets
133,,"Wordly Wise: Study your word list, and do your next WW exercise.",Write spelling AND spell words aloud from memory,,,,Review for Test on Chapters 30-31,REVIEW FOR TEST TOMORROW,,444-447 top,CCCS #28 - Computer Networks - https://youtu.be/3QhU9jd03a0,305 - 313,,,340 - 354,https://youtu.be/p2ICeMQiDf8,Today's Worksheets
134,,"Wordly Wise: Study your word list, and do your next WW exercise.",Write spelling AND spell words aloud from memory,,,,Test: Chapters 30-31,TEST 13,,447 top-450,CCCS #29 - The Internet - https://youtu.be/AEaKrq3SpW8,,,,363 - 372,https://youtu.be/pzDfd8NXRXk     and   https://youtu.be/YDvUy5VYm9E,Today's Worksheets
135,,"Wordly Wise: Study your word list, and do your next WW exercise.",Write spelling AND spell words aloud from memory,,424-427 mid,,https://youtu.be/g5wNg_dKsYY,https://youtu.be/Kqt-_ILgv5c,,451-453,CCCS #30 - The World Wide Web - https://youtu.be/guvsH5OFizE,,,141 - 143,,https://youtu.be/dDWjhRfBsKM,Today's Worksheets
136,,"Wordly Wise: Study your word list, and do your next WW exercise.",Write spelling AND spell words aloud from memory,,427 mid-430 mid,,https://youtu.be/cHAjhM3y3ds,https://youtu.be/Yb1_4FPtzrI,,454-457,,,,146 - 147,,https://youtu.be/NhtTKhP3d6s,Today's Worksheets
137,,"Wordly Wise: Study your word list, and do your next WW exercise.",Write spelling AND spell words aloud from memory,,430 mid-434 top,,https://youtu.be/xfGlEXWDRZE,https://youtu.be/CquRz_cceH8,,458-462,,,257 - 259,,511 - 518,https://youtu.be/PXnAKcBipKM,Today's Worksheets
138,,"Wordly Wise: Study your word list, and do your next WW exercise.",Write spelling AND spell words aloud from memory,,434 top-438,,https://youtu.be/1GiZzCzmO5Q,,SocioText: Chapter 12 Summary (pp 274-277),463-465,CCCS #31 - Cybersecurity - https://youtu.be/bPVaOlJ6ln0,314 - 322,,,,https://youtu.be/HHt2cR1q8ks,Today's Worksheets
139,,"Wordly Wise: Study your word list, and do your next WW exercise.",Write spelling AND spell words aloud from memory,,439-441,,https://youtu.be/DP-vWN1yXrY,https://youtu.be/7myLgdZhzjo,,466-469 bot,,,260 - 261 mid,,373 - 383,https://youtu.be/jqo3IWdQWKM,Today's Worksheets
140,,"Wordly Wise: Study your word list, and do your next WW exercise.",Write spelling AND spell words aloud from memory,,442-444,,https://youtu.be/PciV_Wuh9V8    https://youtu.be/XmgRRmxS3is,https://youtu.be/gSddUPkVD24,,469 bot-473,CCCS #32 - Hackers - https://youtu.be/_GzE99AmAQU,,,,386 - 399,https://youtu.be/vsgrWDLEzcQ,Today's Worksheets
141,,"Wordly Wise: Study your word list, and do your next WW exercise.",Write spelling AND spell words aloud from memory,,445-448,,https://youtu.be/x41saE2fRlo,REVIEW FOR NEXT TEST,SocioText: Chapter 11 Summary (pp 252-256),,CCCS #33 - Cryptography - https://youtu.be/jhXCTbFnK8o,,261 mid - 263,,,https://youtu.be/iWAB0aVgKbo,Today's Worksheets
142,,"Wordly Wise: Study your word list, and do your next WW exercise.",Write spelling AND spell words aloud from memory,,449-450,,https://youtu.be/n91fiyEmT-s,REVIEW FOR TEST TOMORROW,,474-479,Chapter Questions,,,97-99,,https://youtu.be/_ihY881-JhA,Today's Worksheets
143,,"Wordly Wise: Study your word list, and do your next WW exercise.",Write spelling AND spell words aloud from memory,,,,Review for Test on Chapters 32-33,TEST 14,,481-483,,,,100-101,,https://youtu.be/9hryH94KFJAA,Today's Worksheets
144,,"Wordly Wise: Study your word list, and do your next WW exercise.",Write spelling AND spell words aloud from memory,,,,Review for Test on Chapters 32-33,https://youtu.be/kJ18whKduFo,,484-487,,,,102-103,,https://youtu.be/rpMu98yRk40,Today's Worksheets
145,,"Wordly Wise: Study your word list, and do your next WW exercise.",Write spelling AND spell words aloud from memory,,,,Test: Chapters 32-33,https://youtu.be/yaeiCEro0iU,,488-490,,323 - 329 top,,,,https://youtu.be/GqHWdTLL8Qw (FIRST HALF),Today's Worksheets
146,,"Wordly Wise: Study your word list, and do your next WW exercise.",Write spelling AND spell words aloud from memory,,452-455 mid,,https://youtu.be/u4-HYwo0Gsc,https://youtu.be/eWTz3KBCxfg,,492-496,Chapter Questions,329 top - 338 top,,,,https://youtu.be/GqHWdTLL8Qw (SECOND HALF),Today's Worksheets
147,,"Wordly Wise: Study your word list, and do your next WW exercise.",Write spelling AND spell words aloud from memory,,455 mid-459,Worksheet 18,https://youtu.be/JuWtBR-rDQk,,SocioText: Chapter 13 and 14 Summary (pp 303-308 and 332-335),497-501,,338 - 341 ,271 - 276 mid,,,https://youtu.be/VJTxv-tRKj0,Today's Worksheets
148,,"Wordly Wise: Study your word list, and do your next WW exercise.",Write spelling AND spell words aloud from memory,,460-463 top,,https://youtu.be/SV7U4yAXL5I,https://youtu.be/pIgb-3e8CWA,,502-505,,,,,230 - 242,https://youtu.be/VJTxv-tRKj0,Today's Worksheets
149,,"Wordly Wise: Study your word list, and do your next WW exercise.",Write spelling AND spell words aloud from memory,,463 top-466 bot,,https://youtu.be/yhNHJ7WdT8A   https://youtu.be/ZVhJ4TO8a-M ,https://youtu.be/S294zRodS_4,,506-509,Chapter Questions,,,105 - 109 mid,,https://youtu.be/uvR_4UCqxrw,Today's Worksheets
150,,"Wordly Wise: Study your word list, and do your next WW exercise.",Write spelling AND spell words aloud from memory,,466 bot-471,,https://youtu.be/Idv2C8HBbug,https://youtu.be/hYMk3Bk08NA,,511-517 (all),,,276 mid - 280,,,https://youtu.be/r3lN_BADmPQ,Today's Worksheets
151,,"Wordly Wise: Study your word list, and do your next WW exercise.",Write spelling AND spell words aloud from memory,,472-476,,https://youtu.be/Iwmb1p25ws4,,SocioText: Chapter 15 and 16 Summary (pp 354-357 and 376-379),518-521,Chapter Questions,,,109 mid - 111 mid,,https://youtu.be/ouNp8FtgiEE,Today's Worksheets
152,,"Wordly Wise: Study your word list, and do your next WW exercise.",Write spelling AND spell words aloud from memory,,477-480,,https://youtu.be/8N1BxHgsoOw,REVIEW FOR NEXT TEST,SocioText: Chapter 15 and 16 Summary (pp 354-357 and 376-379),523-528 mid,,,,,243 - 264,,Today's Worksheets
153,,"Wordly Wise: Study your word list, and do your next WW exercise.",Write spelling AND spell words aloud from memory,,481-484 bot,,https://youtu.be/NhdtqnEfa9w,REVIEW FOR TEST TOMORROW,,528 mid- 532,,,,111 mid - 113 (715),,https://youtu.be/j87gj_KH9pA    and    https://youtu.be/XdjH_EWhCZ0,Today's Worksheets
154,,"Wordly Wise: Study your word list, and do your next WW exercise.",Write spelling AND spell words aloud from memory,,484 bot-488 mid,,https://youtu.be/sTHYF8Jh6X0,TEST 15,,533-538,,,,113 (715) - 115,,https://youtu.be/6dyWKD_JPhI,Today's Worksheets
155,,"Wordly Wise: Study your word list, and do your next WW exercise.",Write spelling AND spell words aloud from memory,,488 mid-490,,https://youtu.be/YacsIU97OFc   https://youtu.be/S02ktLqiD8s ,https://youtu.be/8NGlENS1qgo,,539-544 mid,,,,,264-278,https://youtu.be/OFhAaL7_SRE,Today's Worksheets
156,,"Wordly Wise: Study your word list, and do your next WW exercise.",Write spelling AND spell words aloud from memory,,491-494,,https://youtu.be/7qOFtL3VEBc,https://youtu.be/D9SWRByzDSo,,544 mid-548,,,,116 - 117 ,,https://youtu.be/O2HfAFcEqcg   and  https://youtu.be/ZVLDIVBX09k,Today's Worksheets
157,,"Wordly Wise: Study your word list, and do your next WW exercise.",Write spelling AND spell words aloud from memory,,,,Review for Test on Chapters 34-36,https://youtu.be/KriEIJ0ubh0,,549-553,Chapter Questions,,,118 - 119,,https://youtu.be/clQSL-zQJZE,Today's Worksheets
158,,"Wordly Wise: Study your word list, and do your next WW exercise.",Write spelling AND spell words aloud from memory,,,,Review for Test on Chapters 34-36,,SocioText: Chapter 19 and 20 Summary (pp 446-451 and 474-479),,Unit 8 Test Review AND CCCS #39 - Education Technology - https://youtu.be/zTi3_l5h5PQ,,,,295 - 310,https://youtu.be/BCllaARDOWI ,Today's Worksheets
159,,"Wordly Wise: Study your word list, and do your next WW exercise.",Write spelling AND spell words aloud from memory,,,,Review for Test on Chapters 34-36,REVIEW FOR TEST TOMORROW,SocioText: Chapter 19 and 20 Summary (pp 446-451 and 474-479),,Unit 8 Test Review AND CCCS #40 - The Future of Computers - https://youtu.be/5TNAz1HYg18Unit 8 Test Review ,343 - 351 mid,,,,https://youtu.be/HN5urPt6TlI     and     https://youtu.be/UHh7YJwws0M,Today's Worksheets
160,,"Wordly Wise: Study your word list, and do your next WW exercise.",Write spelling AND spell words aloud from memory,,,,Test: Chapters 34-36,TEST 16,,,TEST 9,351 mid - 360,,,,https://youtu.be/wDJrOWMeYOc,Today's Worksheets
,,,Write spelling AND spell words aloud from memory,,,,,,,,,,,149 - 151,,https://youtu.be/GU5tYNDOnkw,